国名,英語名,ISO数字コード,ISO3文字コード,ISO2文字コード,地域,IOCコード,FIFAコード
アイスランド,Iceland,352,ISL,IS,北ヨーロッパ,ISL,ISL
アイルランド,Ireland,372,IRL,IE,西ヨーロッパ,IRL,IRL
アゼルバイジャン,Azerbaijan,031,AZE,AZ,東ヨーロッパ,AZE,AZE
アフガニスタン,Afghanistan,004,AFG,AF,中東,AFG,AFG
アメリカ合衆国,United States of America,840,USA,US,北アメリカ,USA,USA
アメリカ領ヴァージン諸島,Virgin Islands (U.S.),850,VIR,VI,中央アメリカ,ISV,VIR
アメリカ領サモア,American Samoa,016,ASM,AS,オセアニア,ASA,ASA
アラブ首長国連邦,United Arab Emirates,784,ARE,AE,中東,UAE,UAE
アルジェリア,Algeria,012,DZA,DZ,北アフリカ,ALG,ALG
アルゼンチン,Argentina,032,ARG,AR,南アメリカ,ARG,ARG
アルバ,Aruba,533,ABW,AW,中央アメリカ,ARU,ARU
アルバニア,Albania,008,ALB,AL,東ヨーロッパ,ALB,ALB
アルメニア,Armenia,051,ARM,AM,東ヨーロッパ,ARM,ARM
アンギラ,Anguilla,660,AIA,AI,中央アメリカ,-,AIA
アンゴラ,Angola,024,AGO,AO,南アフリカ,ANG,ANG
アンティグア・バーブーダ,Antigua and Barbuda,028,ATG,AG,中央アメリカ,ANT,ATG
アンドラ,Andorra,020,AND,AD,西ヨーロッパ,AND,AND
イエメン,Yemen,887,YEM,YE,中東,YEM,YEM
イギリス,United Kingdom of Great Britain and Northern Ireland,826,GBR,GB,西ヨーロッパ,GBR,-
イギリス領インド洋地域,British Indian Ocean Territory,086,IOT,IO,インド洋地域,-,-
イギリス領ヴァージン諸島,Virgin Islands (British),092,VGB,VG,中央アメリカ,IVB,VGB
イスラエル,Israel,376,ISR,IL,中東,ISR,ISR
イタリア,Italy,380,ITA,IT,西ヨーロッパ,ITA,ITA
イラク,Iraq,368,IRQ,IQ,中東,IRQ,IRQ
イラン・イスラム共和国,Iran (Islamic Republic of),364,IRN,IR,中東,IRI,IRN
インド,India,356,IND,IN,南アジア,IND,IND
インドネシア,Indonesia,360,IDN,ID,東南アジア,INA,IDN
ウォリス・フツナ,Wallis and Futuna,876,WLF,WF,オセアニア,-,-
ウガンダ,Uganda,800,UGA,UG,中央アフリカ,UGA,UGA
ウクライナ,Ukraine,804,UKR,UA,東ヨーロッパ,UKR,UKR
ウズベキスタン,Uzbekistan,860,UZB,UZ,中央アジア,UZB,UZB
ウルグアイ,Uruguay,858,URY,UY,南アメリカ,URU,URU
エクアドル,Ecuador,218,ECU,EC,南アメリカ,ECU,ECU
エジプト,Egypt,818,EGY,EG,北アフリカ,EGY,EGY
エストニア,Estonia,233,EST,EE,東ヨーロッパ,EST,EST
エスワティニ,Eswatini,748,SWZ,SZ,南アフリカ,SWZ,SWZ
エチオピア,Ethiopia,231,ETH,ET,東アフリカ,ETH,ETH
エリトリア,Eritrea,232,ERI,ER,東アフリカ,ERI,ERI
エルサルバドル,El Salvador,222,SLV,SV,中央アメリカ,ESA,SLV
オーストラリア,Australia,036,AUS,AU,オセアニア,AUS,AUS
オーストリア,Austria,040,AUT,AT,東ヨーロッパ,AUT,AUT
オーランド諸島,Åland Islands,248,ALA,AX,北ヨーロッパ,-,-
オマーン,Oman,512,OMN,OM,中東,OMA,OMA
オランダ,Netherlands,528,NLD,NL,西ヨーロッパ,NED,NED
ガーナ,Ghana,288,GHA,GH,西アフリカ,GHA,GHA
カーボベルデ,Cabo Verde,132,CPV,CV,西アフリカ,CPV,CPV
ガーンジー,Guernsey,831,GGY,GG,西ヨーロッパ,-,-
ガイアナ,Guyana,328,GUY,GY,南アメリカ,GUY,GUY
カザフスタン,Kazakhstan,398,KAZ,KZ,中央アジア,KAZ,KAZ
カタール,Qatar,634,QAT,QA,中東,QAT,QAT
合衆国領有小離島,United States Minor Outlying Islands,581,UMI,UM,オセアニア,-,-
カナダ,Canada,124,CAN,CA,北アメリカ,CAN,CAN
ガボン,Gabon,266,GAB,GA,中央アフリカ,GAB,GAB
カメルーン,Cameroon,120,CMR,CM,中央アフリカ,CMR,CMR
ガンビア,Gambia,270,GMB,GM,西アフリカ,GAM,GAM
カンボジア,Cambodia,116,KHM,KH,東南アジア,CAM,CAM
北マケドニア,North Macedonia,807,MKD,MK,東ヨーロッパ,MKD,MKD
北マリアナ諸島,Northern Mariana Islands,580,MNP,MP,オセアニア,-,NMI
ギニア,Guinea,324,GIN,GN,西アフリカ,GUI,GUI
ギニアビサウ,Guinea-Bissau,624,GNB,GW,西アフリカ,GBS,GNB
キプロス,Cyprus,196,CYP,CY,地中海地域,CYP,CYP
キューバ,Cuba,192,CUB,CU,中央アメリカ,CUB,CUB
キュラソー,Curaçao,531,CUW,CW,中央アメリカ,-,CUW
ギリシャ,Greece,300,GRC,GR,西ヨーロッパ,GRE,GRE
キリバス,Kiribati,296,KIR,KI,オセアニア,KIR,KIR
キルギス,Kyrgyzstan,417,KGZ,KG,中央アジア,KGZ,KGZ
グアテマラ,Guatemala,320,GTM,GT,中央アメリカ,GUA,GUA
グアドループ,Guadeloupe,312,GLP,GP,中央アメリカ,-,GPE
グアム,Guam,316,GUM,GU,オセアニア,GUM,GUM
クウェート,Kuwait,414,KWT,KW,中東,KUW,KUW
クック諸島,Cook Islands,184,COK,CK,オセアニア,COK,COK
グリーンランド,Greenland,304,GRL,GL,北ヨーロッパ,-,-
クリスマス島,Christmas Island,162,CXR,CX,オセアニア,-,-
グレナダ,Grenada,308,GRD,GD,中央アメリカ,GRN,GRN
クロアチア,Croatia,191,HRV,HR,東ヨーロッパ,CRO,CRO
ケイマン諸島,Cayman Islands,136,CYM,KY,中央アメリカ,CAY,CAY
ケニア,Kenya,404,KEN,KE,東アフリカ,KEN,KEN
コートジボワール,Côte d'Ivoire,384,CIV,CI,西アフリカ,CIV,CIV
ココス（キーリング）諸島,Cocos (Keeling) Islands,166,CCK,CC,インド洋地域,-,-
コスタリカ,Costa Rica,188,CRI,CR,中央アメリカ,CRC,CRC
コモロ,Comoros,174,COM,KM,インド洋地域,COM,COM
コロンビア,Colombia,170,COL,CO,南アメリカ,COL,COL
コンゴ共和国,Congo,178,COG,CG,中央アフリカ,CGO,CGO
コンゴ民主共和国,"Congo, Democratic Republic of the",180,COD,CD,中央アフリカ,COD,COD
サウジアラビア,Saudi Arabia,682,SAU,SA,中東,KSA,KSA
サウスジョージア・サウスサンドウィッチ諸島,South Georgia and the South Sandwich Islands,239,SGS,GS,南アメリカ,-,-
サモア,Samoa,882,WSM,WS,オセアニア,SAM,SAM
サントメ・プリンシペ,Sao Tome and Principe,678,STP,ST,中央アフリカ,STP,STP
サン・バルテルミー,Saint Barthélemy,652,BLM,BL,中央アメリカ,-,-
ザンビア,Zambia,894,ZMB,ZM,南アフリカ,ZAM,ZAM
サンピエール島・ミクロン島,Saint Pierre and Miquelon,666,SPM,PM,北アメリカ,-,-
サンマリノ,San Marino,674,SMR,SM,西ヨーロッパ,SMR,SMR
サン・マルタン（フランス領）,Saint Martin (French part),663,MAF,MF,中央アメリカ,-,SMN
シエラレオネ,Sierra Leone,694,SLE,SL,西アフリカ,SLE,SLE
ジブチ,Djibouti,262,DJI,DJ,東アフリカ,DJI,DJI
ジブラルタル,Gibraltar,292,GIB,GI,西ヨーロッパ,-,GIB
ジャージー,Jersey,832,JEY,JE,西ヨーロッパ,-,-
ジャマイカ,Jamaica,388,JAM,JM,中央アメリカ,JAM,JAM
ジョージア,Georgia,268,GEO,GE,東ヨーロッパ,GEO,GEO
シリア・アラブ共和国,Syrian Arab Republic,760,SYR,SY,中東,SYR,SYR
シンガポール,Singapore,702,SGP,SG,東南アジア,SGP,SGP
シント・マールテン（オランダ領）,Sint Maarten (Dutch part),534,SXM,SX,中央アメリカ,-,SMA
ジンバブエ,Zimbabwe,716,ZWE,ZW,南アフリカ,ZIM,ZIM
スイス,Switzerland,756,CHE,CH,西ヨーロッパ,SUI,SUI
スウェーデン,Sweden,752,SWE,SE,北ヨーロッパ,SWE,SWE
スーダン,Sudan,729,SDN,SD,東アフリカ,SUD,SDN
スヴァールバル諸島およびヤンマイエン島,Svalbard and Jan Mayen,744,SJM,SJ,北ヨーロッパ,-,-
スペイン,Spain,724,ESP,ES,西ヨーロッパ,ESP,ESP
スリナム,Suriname,740,SUR,SR,南アメリカ,SUR,SUR
スリランカ,Sri Lanka,144,LKA,LK,南アジア,SRI,SRI
スロバキア,Slovakia,703,SVK,SK,東ヨーロッパ,SVK,SVK
スロベニア,Slovenia,705,SVN,SI,東ヨーロッパ,SLO,SVN
セーシェル,Seychelles,690,SYC,SC,インド洋地域,SEY,SEY
赤道ギニア,Equatorial Guinea,226,GNQ,GQ,中央アフリカ,GEQ,EQG
セネガル,Senegal,686,SEN,SN,西アフリカ,SEN,SEN
セルビア,Serbia,688,SRB,RS,東ヨーロッパ,SRB,SRB
セントクリストファー・ネイビス,Saint Kitts and Nevis,659,KNA,KN,中央アメリカ,SKN,SKN
セントビンセントおよびグレナディーン諸島,Saint Vincent and the Grenadines,670,VCT,VC,中央アメリカ,VIN,VIN
セントヘレナ・アセンションおよびトリスタンダクーニャ,"Saint Helena, Ascension and Tristan da Cunha",654,SHN,SH,西アフリカ,-,-
セントルシア,Saint Lucia,662,LCA,LC,中央アメリカ,LCA,LCA
ソマリア,Somalia,706,SOM,SO,東アフリカ,SOM,SOM
ソロモン諸島,Solomon Islands,090,SLB,SB,オセアニア,SOL,SOL
タークス・カイコス諸島,Turks and Caicos Islands,796,TCA,TC,中央アメリカ,-,TCA
タイ,Thailand,764,THA,TH,東南アジア,THA,THA
大韓民国,Korea (the Republic of),410,KOR,KR,東アジア,KOR,KOR
台湾（中華民国）,"Taiwan, Province of China",158,TWN,TW,東アジア,TPE,TPE
タジキスタン,Tajikistan,762,TJK,TJ,中央アジア,TJK,TJK
タンザニア,"Tanzania, United Republic of",834,TZA,TZ,東アフリカ,TAN,TAN
チェコ,Czechia,203,CZE,CZ,東ヨーロッパ,CZE,CZE
チャド,Chad,148,TCD,TD,中央アフリカ,CHA,CHA
中央アフリカ共和国,Central African Republic,140,CAF,CF,中央アフリカ,CAF,CTA
中華人民共和国,China,156,CHN,CN,東アジア,CHN,CHN
チュニジア,Tunisia,788,TUN,TN,北アフリカ,TUN,TUN
朝鮮民主主義人民共和国,Korea (the Democratic People's Republic of),408,PRK,KP,東アジア,PRK,PRK
チリ,Chile,152,CHL,CL,南アメリカ,CHI,CHI
ツバル,Tuvalu,798,TUV,TV,オセアニア,TUV,TUV
デンマーク,Denmark,208,DNK,DK,北ヨーロッパ,DEN,DEN
ドイツ,Germany,276,DEU,DE,西ヨーロッパ,GER,GER
トーゴ,Togo,768,TGO,TG,西アフリカ,TOG,TOG
トケラウ,Tokelau,772,TKL,TK,オセアニア,-,-
ドミニカ共和国,Dominican Republic,214,DOM,DO,中央アメリカ,DOM,DOM
ドミニカ国,Dominica,212,DMA,DM,中央アメリカ,DMA,DMA
トリニダード・トバゴ,Trinidad and Tobago,780,TTO,TT,中央アメリカ,TTO,TRI
トルクメニスタン,Turkmenistan,795,TKM,TM,中央アジア,TKM,TKM
トルコ,Turkey,792,TUR,TR,中東,TUR,TUR
トンガ,Tonga,776,TON,TO,オセアニア,TGA,TGA
ナイジェリア,Nigeria,566,NGA,NG,中央アフリカ,NGR,NGA
ナウル,Nauru,520,NRU,NR,オセアニア,NRU,-
ナミビア,Namibia,516,NAM,NA,南アフリカ,NAM,NAM
南極,Antarctica,010,ATA,AQ,南極,-,-
ニウエ,Niue,570,NIU,NU,オセアニア,-,NIU
ニカラグア,Nicaragua,558,NIC,NI,中央アメリカ,NCA,NCA
ニジェール,Niger,562,NER,NE,中央アフリカ,NIG,NIG
日本,Japan,392,JPN,JP,東アジア,JPN,JPN
西サハラ,Western Sahara,732,ESH,EH,西アフリカ,-,-
ニューカレドニア,New Caledonia,540,NCL,NC,オセアニア,-,NCL
ニュージーランド,New Zealand,554,NZL,NZ,オセアニア,NZL,NZL
ネパール,Nepal,524,NPL,NP,南アジア,NEP,NEP
ノーフォーク島,Norfolk Island,574,NFK,NF,オセアニア,-,-
ノルウェー,Norway,578,NOR,NO,北ヨーロッパ,NOR,NOR
ハード島とマクドナルド諸島,Heard Island and McDonald Islands,334,HMD,HM,インド洋地域,-,-
バーレーン,Bahrain,048,BHR,BH,中東,BRN,BHR
ハイチ,Haiti,332,HTI,HT,中央アメリカ,HAI,HAI
パキスタン,Pakistan,586,PAK,PK,南アジア,PAK,PAK
バチカン市国,Holy See,336,VAT,VA,西ヨーロッパ,-,-
パナマ,Panama,591,PAN,PA,中央アメリカ,PAN,PAN
バヌアツ,Vanuatu,548,VUT,VU,オセアニア,VAN,VAN
バハマ,Bahamas,044,BHS,BS,中央アメリカ,BAH,BAH
パプアニューギニア,Papua New Guinea,598,PNG,PG,オセアニア,PNG,PNG
バミューダ,Bermuda,060,BMU,BM,北アメリカ,BER,BER
パラオ,Palau,585,PLW,PW,オセアニア,PLW,PLW
パラグアイ,Paraguay,600,PRY,PY,南アメリカ,PAR,PAR
バルバドス,Barbados,052,BRB,BB,北アメリカ,BAR,BRB
パレスチナ,"Palestine, State of",275,PSE,PS,中東,PLE,PLE
ハンガリー,Hungary,348,HUN,HU,中央ヨーロッパ,HUN,HUN
バングラデシュ,Bangladesh,050,BGD,BD,南アジア,BAN,BAN
東ティモール,Timor-Leste,626,TLS,TL,東南アジア,TLS,TLS
ピトケアン,Pitcairn,612,PCN,PN,オセアニア,-,-
フィジー,Fiji,242,FJI,FJ,オセアニア,FIJ,FIJ
フィリピン,Philippines,608,PHL,PH,東南アジア,PHI,PHI
フィンランド,Finland,246,FIN,FI,北ヨーロッパ,FIN,FIN
ブータン,Bhutan,064,BTN,BT,南アジア,BHU,BHU
ブーベ島,Bouvet Island,074,BVT,BV,南極,-,-
プエルトリコ,Puerto Rico,630,PRI,PR,中央アメリカ,PUR,PUR
フェロー諸島,Faroe Islands,234,FRO,FO,北ヨーロッパ,FRO,FRO
フォークランド（マルビナス）諸島,Falkland Islands (Malvinas),238,FLK,FK,南アメリカ,-,-
ブラジル,Brazil,076,BRA,BR,南アメリカ,BRA,BRA
フランス,France,250,FRA,FR,西ヨーロッパ,FRA,FRA
フランス領ギアナ,French Guiana,254,GUF,GF,南アメリカ,,GUF
フランス領ポリネシア,French Polynesia,258,PYF,PF,オセアニア,-,TAH
フランス領南方・南極地域,French Southern Territories,260,ATF,TF,インド洋地域,-,-
ブルガリア,Bulgaria,100,BGR,BG,東ヨーロッパ,BUL,BUL
ブルキナファソ,Burkina Faso,854,BFA,BF,西アフリカ,BUR,BFA
ブルネイ・ダルサラーム,Brunei Darussalam,096,BRN,BN,東南アジア,BRU,BRU
ブルンジ,Burundi,108,BDI,BI,中央アフリカ,BDI,BDI
ベトナム,Viet Nam,704,VNM,VN,東南アジア,VIE,VIE
ベナン,Benin,204,BEN,BJ,西アフリカ,BEN,BEN
ベネズエラ・ボリバル共和国,Venezuela (Bolivarian Republic of),862,VEN,VE,南アメリカ,VEN,VEN
ベラルーシ,Belarus,112,BLR,BY,東ヨーロッパ,BLR,BLR
ベリーズ,Belize,084,BLZ,BZ,中央アメリカ,BIZ,BLZ
ペルー,Peru,604,PER,PE,南アメリカ,PER,PER
ベルギー,Belgium,056,BEL,BE,西ヨーロッパ,BEL,BEL
ポーランド,Poland,616,POL,PL,東ヨーロッパ,POL,POL
ボスニア・ヘルツェゴビナ,Bosnia and Herzegovina,070,BIH,BA,東ヨーロッパ,BIH,BIH
ボツワナ,Botswana,072,BWA,BW,南アフリカ,BOT,BOT
ボネール、シント・ユースタティウスおよびサバ,"Bonaire, Sint Eustatius and Saba",535,BES,BQ,中央アメリカ,-,BOE
ボリビア多民族国,Bolivia (Plurinational State of),068,BOL,BO,南アメリカ,BOL,BOL
ポルトガル,Portugal,620,PRT,PT,西ヨーロッパ,POR,POR
香港,Hong Kong,344,HKG,HK,東アジア,HKG,HKG
ホンジュラス,Honduras,340,HND,HN,中央アメリカ,HON,HON
マーシャル諸島,Marshall Islands,584,MHL,MH,オセアニア,MHL,-
マカオ,Macau,446,MAC,MO,東アジア,MAC,MAC
マダガスカル,Madagascar,450,MDG,MG,インド洋地域,MAD,MAD
マヨット,Mayotte,175,MYT,YT,インド洋地域,-,-
マラウイ,Malawi,454,MWI,MW,南アフリカ,MAW,MWI
マリ,Mali,466,MLI,ML,西アフリカ,MLI,MLI
マルタ,Malta,470,MLT,MT,地中海地域,MLT,MLT
マルティニーク,Martinique,474,MTQ,MQ,中央アメリカ,-,MTQ
マレーシア,Malaysia,458,MYS,MY,東南アジア,MAS,MAS
マン島,Isle of Man,833,IMN,IM,西ヨーロッパ,-,-
ミクロネシア連邦,Micronesia (Federated States of),583,FSM,FM,オセアニア,FSM,FSM
南アフリカ,South Africa,710,ZAF,ZA,南アフリカ,RSA,RSA
南スーダン,South Sudan,728,SSD,SS,東アフリカ,SSD,SSD
ミャンマー,Myanmar,104,MMR,MM,東南アジア,MYA,MYA
メキシコ,Mexico,484,MEX,MX,中央アメリカ,MEX,MEX
モーリシャス,Mauritius,480,MUS,MU,南アフリカ,MRI,MRI
モーリタニア,Mauritania,478,MRT,MR,西アフリカ,MTN,MTN
モザンビーク,Mozambique,508,MOZ,MZ,南アフリカ,MOZ,MOZ
モナコ,Monaco,492,MCO,MC,西ヨーロッパ,MON,-
モルディブ,Maldives,462,MDV,MV,インド洋地域,MDV,MDV
モルドバ共和国,"Moldova, Republic of",498,MDA,MD,東ヨーロッパ,MDA,MDA
モロッコ,Morocco,504,MAR,MA,北アフリカ,MAR,MAR
モンゴル,Mongolia,496,MNG,MN,東アジア,MGL,MNG
モンテネグロ,Montenegro,499,MNE,ME,東ヨーロッパ,MNE,MNE
モントセラト,Montserrat,500,MSR,MS,中央アメリカ,-,MSR
ヨルダン,Jordan,400,JOR,JO,中東,JOR,JOR
ラオス人民民主共和国,Lao People's Democratic Republic,418,LAO,LA,東南アジア,LAO,LAO
ラトビア,Latvia,428,LVA,LV,東ヨーロッパ,LAT,LVA
リトアニア,Lithuania,440,LTU,LT,東ヨーロッパ,LTU,LTU
リビア,Libya,434,LBY,LY,北アフリカ,LBA,LBY
リヒテンシュタイン,Liechtenstein,438,LIE,LI,西ヨーロッパ,LIE,LIE
リベリア,Liberia,430,LBR,LR,西アフリカ,LBR,LBR
ルーマニア,Romania,642,ROU,RO,東ヨーロッパ,ROU,ROU
ルクセンブルク,Luxembourg,442,LUX,LU,西ヨーロッパ,LUX,LUX
ルワンダ,Rwanda,646,RWA,RW,中央アフリカ,RWA,RWA
レソト,Lesotho,426,LSO,LS,南アフリカ,LES,LES
レバノン,Lebanon,422,LBN,LB,中東,LBN,LBN
レユニオン,Réunion,638,REU,RE,インド洋地域,,REU
ロシア連邦,Russian Federation,643,RUS,RU,ロシア,RUS,RUS
コソボ,Kosovo,-,KVX,-,東ヨーロッパ,KOS,KOS
イングランド,England,-,-,-,西ヨーロッパ,-,ENG
北アイルランド,Northern Ireland,-,-,-,西ヨーロッパ,-,NIR
スコットランド,Scotland,-,-,-,西ヨーロッパ,-,SCO
ウェールズ,Wales,-,-,-,西ヨーロッパ,-,WAL
ザンジバル,Zanzibar,-,-,-,東アフリカ,-,ZAN